timestamp,tipo,id,entidad,nombre
2025-09-07T04:13+00:00,desaparece,1006,Agencia de Gobierno Electrónico y Tecnologías de Información y Comunicación,Registro en Ciudadanía Digital
2025-09-07T04:13+00:00,desaparece,1040,Direc. Dptal. de Educación Tarija,LEGALIZACIÓN DE CERTIFICADO DE EGRESO
2025-09-07T04:13+00:00,desaparece,1602,Universidad Mayor de San Simón,CERTIFICADO SUPLETORIO
2025-09-07T04:13+00:00,aparece,2477,Dirección Nacional Servicio de Registro Cívico,DUPLICADO DE CERTIFICADO DE DEFUNCIÓN SRC-DCD-14
2025-09-07T04:13+00:00,aparece,2487,Dirección Nacional Servicio de Registro Cívico,DUPLICADO DE CERTIFICADO DE MATRIMONIO SRC-DCM-13
2025-09-07T04:13+00:00,aparece,2488,Dirección Nacional Servicio de Registro Cívico,DUPLICADO DE CERTIFICADO DE NACIMIENTO ANTE OFICIALIA DE REGISTRO CIVIIL SRC-DCN-12
2025-09-07T04:13+00:00,aparece,2489,Dirección Nacional Servicio de Registro Cívico,CERTIFICADO DE DEFUNCION ANTE ORC - SRC-IDO-05
2025-09-07T04:13+00:00,aparece,2502,Instituto Nacional de Salud Ocupacional,EVALUACIÓN Y CALIFICACIÓN DE GRADO DE  INVALIDEZ
2025-09-07T04:13+00:00,aparece,2503,Dirección Nacional Servicio de Registro Cívico,INSCRIPCIÓN DE NACIMIENTO DE 0-12 AÑOS ANTE OFICIAL DE REGISTRO CIVIL FILIACION AMBOS PADRES SRC-INO-01
2025-09-07T04:13+00:00,aparece,2504,Dirección Nacional Servicio de Registro Cívico,"SANEAMIENTO DE INSCRIPCIONES CONSULARES DE NACIMIENTO, MATRIMONIO Y DEFUNCIÓN EN EL SISTEMA RC-BIO SRC-SIC-21"
2025-09-07T04:13+00:00,aparece,2505,Dirección Nacional Servicio de Registro Cívico,LEGALIZACIÓN DE INSCRIPCIONES EN SUS DIFERENTES CATEGORÍAS Y DE OTROS DOCUMENTOS QUE CUSTODIA EL SERECÍ PARA USO DENTRO DE TERRITORIO BOLIVIANO SRC-LID-15
2025-09-07T04:13+00:00,aparece,2506,Dirección Nacional Servicio de Registro Cívico,LEGALIZACIÓN DE INSCRIPCIONES EN SUS DIFERENTES CATEGORÍAS Y DE OTROS DOCUMENTOS QUE CUSTODIA EL SERECÍ A REQUERIMIENTO FISCAL U ÓRDENES JUDICIALES SRC-LIF-18
2025-09-07T04:13+00:00,aparece,2507,Dirección Nacional Servicio de Registro Cívico,REGISTRO DE NATURALIZACIONES SRC-RNS-19
2025-09-07T04:13+00:00,aparece,2508,Dirección Nacional Servicio de Registro Cívico,"TRANSCRIPCIÓN EN EL SISTEMA RC-BIO DE INSCRIPCIONES DE NACIMIENTO DE HIJOS DE BOLIVIANOS NACIDOS EN EL EXTERIOR, MATRIMONIO Y DEFUNCIÓN REALIZADAS EN SEDE CONSULAR SRC-TIC-02"
2025-09-07T04:13+00:00,aparece,2510,Instituto Nacional de Salud Ocupacional,Servicio de Apostillado de Documentos
2025-09-07T04:13+00:00,aparece,2514,Instituto Nacional de Salud Ocupacional,Registro de Plaguicidas de Uso Domestico
2025-09-07T04:13+00:00,aparece,2515,Instituto Nacional de Salud Ocupacional,EXAMEN PREOCUPACIONAL
2025-09-07T04:13+00:00,aparece,2516,Instituto Nacional de Salud Ocupacional,CERTIFICADO DE DOSIMETRIA
2025-09-07T04:13+00:00,aparece,2517,Instituto Nacional de Salud Ocupacional,Carnet de aplicador de Plaguicidas de Uso Doméstico
2025-09-07T04:13+00:00,aparece,2518,Instituto Nacional de Salud Ocupacional,CONTROL PERIODICO DE SALUD
2025-09-07T04:13+00:00,aparece,2520,Servicio Plurinacional de Defensa Pública,Defensa Penal Gratuita
2025-09-07T04:13+00:00,aparece,2521,Escuela Nacional De Salud Publica,LEGALIZACION DE CERTIFICADO DE EGRESO
2025-09-07T04:13+00:00,aparece,2521,Escuela Nacional De Salud Publica,LEGALIZACION DE CERTIFICADO DE EGRESO
2025-09-07T04:13+00:00,aparece,2522,Escuela Nacional De Salud Publica,LEGALIZACION DE CERTIFICADO DE NOTAS
2025-09-07T04:13+00:00,aparece,2523,Escuela Nacional De Salud Publica,CERTIFICADO DE NOTAS ORIGINAL
2025-09-07T04:13+00:00,aparece,2524,Escuela Nacional De Salud Publica,PLAN CURRICULAR
2025-09-07T04:13+00:00,aparece,2525,Escuela Nacional De Salud Publica,CERTIFICADO DE PRACTICAS HOSPITALARIAS Y COMUNITARIAS
2025-09-07T04:13+00:00,aparece,2526,Escuela Nacional De Salud Publica,CERTIFICADO SUPLETORIO
2025-09-07T04:13+00:00,aparece,2526,Escuela Nacional De Salud Publica,CERTIFICADO SUPLETORIO
2025-09-07T04:13+00:00,aparece,2527,Escuela Nacional De Salud Publica,CARPETA DE INICIO DE TRAMITE
2025-09-14T04:13+00:00,aparece,1006,Agencia de Gobierno Electrónico y Tecnologías de Información y Comunicación,Registro en Ciudadanía Digital
2025-09-14T04:13+00:00,aparece,1466,Autoridad de Supervisión del Sistema Financiero,ATENCIÓN DE RECLAMOS EN SEGUNDA INSTANCIA
2025-09-14T04:13+00:00,desaparece,1540,Mutual de Servicios al Policía,Pago del Complemento Económico - Titulares - Inclusión y Habilitación
2025-09-14T04:13+00:00,aparece,1686,Administradora Boliviana de Carreteras,CERTIFICACIÓN DE TRANSITABILIDAD
2025-09-14T04:13+00:00,aparece,2146,Agencia de Gobierno Electrónico y Tecnologías de Información y Comunicación,Evaluación de Seguridad Informática
2025-09-14T04:13+00:00,aparece,2147,Agencia de Gobierno Electrónico y Tecnologías de Información y Comunicación,VERIFICA TU REGISTRO EN  CIUDADANÍA DIGITAL
2025-09-14T04:13+00:00,aparece,2152,Administradora Boliviana de Carreteras,CERTIFICACIONES DE DISTANCIA
2025-09-14T04:13+00:00,aparece,2281,Administradora Boliviana de Carreteras,Permiso Especial de Circulación para Vehículos con Exceso de Peso
2025-09-14T04:13+00:00,aparece,2282,Administradora Boliviana de Carreteras,Permiso Especial de Circulación para Vehículos con Exceso de Dimensiones
2025-09-14T04:13+00:00,aparece,2284,Administradora Boliviana de Carreteras,Solicitud de Autorización de Uso del Derecho de Vía
2025-09-14T04:13+00:00,aparece,2285,Administradora Boliviana de Carreteras,Alquiler de Vallas Publicitarias
2025-09-14T04:13+00:00,aparece,2286,Administradora Boliviana de Carreteras,Permiso Especial para Circulación de Vehículos con Exceso de Peso y Dimensiones
2025-09-14T04:13+00:00,aparece,2528,Administración de Servicios Portuarios - Bolivia,Empadronamiento de Operadores de Comercio Exterior
2025-09-14T04:13+00:00,aparece,2529,Empresa Estratégica Boliviana de Construcción y Conservación de Infraestructura Civil,Servicios varios
2025-09-14T04:13+00:00,aparece,2531,Boliviana de Aviación,Venta de Pasajes
2025-09-14T04:13+00:00,aparece,2532,Administración de Servicios Portuarios - Bolivia,Solicitud de Validación de Despacho Portuario Exportación (En línea)
2025-09-14T04:13+00:00,aparece,2533,Boliviana de Aviación,Transporte de Carga por via Aerea
2025-09-14T04:13+00:00,aparece,2534,Corporación Minera de Bolivia,CERTIFICACIONES LABORALES DE COMIBOL
2025-09-14T04:13+00:00,aparece,2535,Corporación Minera de Bolivia,Certificación de Área Catastrada
2025-09-14T04:13+00:00,aparece,2536,Corporación Minera de Bolivia,Emisión de Plano Catastral
2025-09-14T04:13+00:00,aparece,2537,Corporación Minera de Bolivia,Certificado de No Adeudo
2025-09-14T04:13+00:00,aparece,2538,Corporación Minera de Bolivia,Legalizaciones / Copias autentificadas (Testimonio – Documentos)
2025-09-14T04:13+00:00,aparece,2539,Corporación Minera de Bolivia,Certificación de Área Minera Libre
2025-09-14T04:13+00:00,aparece,2541,Boliviana de Aviación,Certificacion de Vuelo
