timestamp,id,entidad,nombre,campo,viejo,nuevo
2025-09-07T04:13+00:00,1664,Gestora Pública de la Seguridad Social de Largo Plazo,Registro Biométrico de los Beneficiarios,entidad['logo'],https://www.gob.bo/ws/api/archivos/79bc6240-a9c5-454a-a9ff-d5fa2ccd3404.png,https://www.gob.bo/ws/api/archivos/a1f8c52b-2d38-4b29-916a-312f4354e503.png
2025-09-07T04:13+00:00,1680,Gestora Pública de la Seguridad Social de Largo Plazo,Obtención de credenciales para el Asegurado,entidad['logo'],https://www.gob.bo/ws/api/archivos/79bc6240-a9c5-454a-a9ff-d5fa2ccd3404.png,https://www.gob.bo/ws/api/archivos/a1f8c52b-2d38-4b29-916a-312f4354e503.png
2025-09-07T04:13+00:00,1681,Gestora Pública de la Seguridad Social de Largo Plazo,Obtención de Credenciales para el Empleador,entidad['logo'],https://www.gob.bo/ws/api/archivos/79bc6240-a9c5-454a-a9ff-d5fa2ccd3404.png,https://www.gob.bo/ws/api/archivos/a1f8c52b-2d38-4b29-916a-312f4354e503.png
2025-09-07T04:13+00:00,1682,Gestora Pública de la Seguridad Social de Largo Plazo,Pago de Contribuciones para el Empleador,entidad['logo'],https://www.gob.bo/ws/api/archivos/79bc6240-a9c5-454a-a9ff-d5fa2ccd3404.png,https://www.gob.bo/ws/api/archivos/a1f8c52b-2d38-4b29-916a-312f4354e503.png
2025-09-07T04:13+00:00,1683,Gestora Pública de la Seguridad Social de Largo Plazo,Pago de Contribuciones para el Asegurado Independiente y/o Consultor,entidad['logo'],https://www.gob.bo/ws/api/archivos/79bc6240-a9c5-454a-a9ff-d5fa2ccd3404.png,https://www.gob.bo/ws/api/archivos/a1f8c52b-2d38-4b29-916a-312f4354e503.png
2025-09-07T04:13+00:00,1684,Gestora Pública de la Seguridad Social de Largo Plazo,Enrolamiento Biométrico,entidad['logo'],https://www.gob.bo/ws/api/archivos/79bc6240-a9c5-454a-a9ff-d5fa2ccd3404.png,https://www.gob.bo/ws/api/archivos/a1f8c52b-2d38-4b29-916a-312f4354e503.png
2025-09-07T04:13+00:00,1685,Gestora Pública de la Seguridad Social de Largo Plazo,Registro Trabajador Sector Minero Metalúrgico,entidad['logo'],https://www.gob.bo/ws/api/archivos/79bc6240-a9c5-454a-a9ff-d5fa2ccd3404.png,https://www.gob.bo/ws/api/archivos/a1f8c52b-2d38-4b29-916a-312f4354e503.png
2025-09-07T04:13+00:00,1687,Gestora Pública de la Seguridad Social de Largo Plazo,Emisión de estado de ahorro previsional,entidad['logo'],https://www.gob.bo/ws/api/archivos/79bc6240-a9c5-454a-a9ff-d5fa2ccd3404.png,https://www.gob.bo/ws/api/archivos/a1f8c52b-2d38-4b29-916a-312f4354e503.png
2025-09-07T04:13+00:00,1688,Gestora Pública de la Seguridad Social de Largo Plazo,Registro Trabajador Independiente,entidad['logo'],https://www.gob.bo/ws/api/archivos/79bc6240-a9c5-454a-a9ff-d5fa2ccd3404.png,https://www.gob.bo/ws/api/archivos/a1f8c52b-2d38-4b29-916a-312f4354e503.png
2025-09-07T04:13+00:00,1689,Gestora Pública de la Seguridad Social de Largo Plazo,Registro Trabajador Dependiente,entidad['logo'],https://www.gob.bo/ws/api/archivos/79bc6240-a9c5-454a-a9ff-d5fa2ccd3404.png,https://www.gob.bo/ws/api/archivos/a1f8c52b-2d38-4b29-916a-312f4354e503.png
2025-09-07T04:13+00:00,1690,Gestora Pública de la Seguridad Social de Largo Plazo,Registro trabajador consultor,entidad['logo'],https://www.gob.bo/ws/api/archivos/79bc6240-a9c5-454a-a9ff-d5fa2ccd3404.png,https://www.gob.bo/ws/api/archivos/a1f8c52b-2d38-4b29-916a-312f4354e503.png
2025-09-07T04:13+00:00,1691,Gestora Pública de la Seguridad Social de Largo Plazo,Emisión de Certificado de No Adeudo,entidad['logo'],https://www.gob.bo/ws/api/archivos/79bc6240-a9c5-454a-a9ff-d5fa2ccd3404.png,https://www.gob.bo/ws/api/archivos/a1f8c52b-2d38-4b29-916a-312f4354e503.png
2025-09-07T04:13+00:00,1693,Gestora Pública de la Seguridad Social de Largo Plazo,Registro Empleador,entidad['logo'],https://www.gob.bo/ws/api/archivos/79bc6240-a9c5-454a-a9ff-d5fa2ccd3404.png,https://www.gob.bo/ws/api/archivos/a1f8c52b-2d38-4b29-916a-312f4354e503.png
2025-09-07T04:13+00:00,1694,Gestora Pública de la Seguridad Social de Largo Plazo,Modificación de Registro de Beneficiario de la Renta Dignidad,entidad['logo'],https://www.gob.bo/ws/api/archivos/79bc6240-a9c5-454a-a9ff-d5fa2ccd3404.png,https://www.gob.bo/ws/api/archivos/a1f8c52b-2d38-4b29-916a-312f4354e503.png
2025-09-07T04:13+00:00,1695,Gestora Pública de la Seguridad Social de Largo Plazo,Pago a Domicilio,entidad['logo'],https://www.gob.bo/ws/api/archivos/79bc6240-a9c5-454a-a9ff-d5fa2ccd3404.png,https://www.gob.bo/ws/api/archivos/a1f8c52b-2d38-4b29-916a-312f4354e503.png
2025-09-07T04:13+00:00,1696,Gestora Pública de la Seguridad Social de Largo Plazo,Gastos Funerales,entidad['logo'],https://www.gob.bo/ws/api/archivos/79bc6240-a9c5-454a-a9ff-d5fa2ccd3404.png,https://www.gob.bo/ws/api/archivos/a1f8c52b-2d38-4b29-916a-312f4354e503.png
2025-09-07T04:13+00:00,1697,Gestora Pública de la Seguridad Social de Largo Plazo,Solicitud de Compensación de Cotizaciones Mensual,entidad['logo'],https://www.gob.bo/ws/api/archivos/79bc6240-a9c5-454a-a9ff-d5fa2ccd3404.png,https://www.gob.bo/ws/api/archivos/a1f8c52b-2d38-4b29-916a-312f4354e503.png
2025-09-07T04:13+00:00,1698,Gestora Pública de la Seguridad Social de Largo Plazo,Solicitud de Masa Hereditaria,entidad['logo'],https://www.gob.bo/ws/api/archivos/79bc6240-a9c5-454a-a9ff-d5fa2ccd3404.png,https://www.gob.bo/ws/api/archivos/a1f8c52b-2d38-4b29-916a-312f4354e503.png
2025-09-07T04:13+00:00,1702,Gestora Pública de la Seguridad Social de Largo Plazo,Solicitud de Gastos Funerarios,entidad['logo'],https://www.gob.bo/ws/api/archivos/79bc6240-a9c5-454a-a9ff-d5fa2ccd3404.png,https://www.gob.bo/ws/api/archivos/a1f8c52b-2d38-4b29-916a-312f4354e503.png
2025-09-07T04:13+00:00,1703,Gestora Pública de la Seguridad Social de Largo Plazo,Solicitud de Pensión de Jubilación,entidad['logo'],https://www.gob.bo/ws/api/archivos/79bc6240-a9c5-454a-a9ff-d5fa2ccd3404.png,https://www.gob.bo/ws/api/archivos/a1f8c52b-2d38-4b29-916a-312f4354e503.png
2025-09-07T04:13+00:00,1704,Gestora Pública de la Seguridad Social de Largo Plazo,Solicitud de Pensión por Muerte,entidad['logo'],https://www.gob.bo/ws/api/archivos/79bc6240-a9c5-454a-a9ff-d5fa2ccd3404.png,https://www.gob.bo/ws/api/archivos/a1f8c52b-2d38-4b29-916a-312f4354e503.png
2025-09-07T04:13+00:00,1705,Gestora Pública de la Seguridad Social de Largo Plazo,Solicitud de Retiros,entidad['logo'],https://www.gob.bo/ws/api/archivos/79bc6240-a9c5-454a-a9ff-d5fa2ccd3404.png,https://www.gob.bo/ws/api/archivos/a1f8c52b-2d38-4b29-916a-312f4354e503.png
2025-09-07T04:13+00:00,1706,Gestora Pública de la Seguridad Social de Largo Plazo,Solicitud de Pensión por Invalidez,entidad['logo'],https://www.gob.bo/ws/api/archivos/79bc6240-a9c5-454a-a9ff-d5fa2ccd3404.png,https://www.gob.bo/ws/api/archivos/a1f8c52b-2d38-4b29-916a-312f4354e503.png
2025-09-07T04:13+00:00,1707,Gestora Pública de la Seguridad Social de Largo Plazo,Alta de registro de beneficiario de la Renta Dignidad,entidad['logo'],https://www.gob.bo/ws/api/archivos/79bc6240-a9c5-454a-a9ff-d5fa2ccd3404.png,https://www.gob.bo/ws/api/archivos/a1f8c52b-2d38-4b29-916a-312f4354e503.png
2025-09-07T04:13+00:00,2483,Gobierno Autónomo Municipal de La Paz,SOLICITUD DE LICENCIA DE FUNCIONAMIENTO PARA  VEHÍCULOS DE EXPENDIO DE ALIMENTOS PREPARADOS (FOOD TRUCKS),categorias[0]['nombre'],Empresas,Impuestos
2025-09-07T04:13+00:00,2483,Gobierno Autónomo Municipal de La Paz,SOLICITUD DE LICENCIA DE FUNCIONAMIENTO PARA  VEHÍCULOS DE EXPENDIO DE ALIMENTOS PREPARADOS (FOOD TRUCKS),categorias[0]['slug'],empresas,impuestos
2025-09-07T04:13+00:00,2483,Gobierno Autónomo Municipal de La Paz,SOLICITUD DE LICENCIA DE FUNCIONAMIENTO PARA  VEHÍCULOS DE EXPENDIO DE ALIMENTOS PREPARADOS (FOOD TRUCKS),categorias[2]['nombre'],Impuestos,Empresas
2025-09-07T04:13+00:00,2483,Gobierno Autónomo Municipal de La Paz,SOLICITUD DE LICENCIA DE FUNCIONAMIENTO PARA  VEHÍCULOS DE EXPENDIO DE ALIMENTOS PREPARADOS (FOOD TRUCKS),categorias[2]['slug'],impuestos,empresas
2025-09-14T04:13+00:00,1010,Registro Internacional Boliviano De Buques,REGISTRO PROVISIONAL,modalidades[0]['publico'][0]['requisitos'][4]['nombre'],Declaracion Jurada,Declaración Jurada
2025-09-14T04:13+00:00,1010,Registro Internacional Boliviano De Buques,REGISTRO PROVISIONAL,modalidades[0]['publico'][0]['requisitos'][6]['nombre'],Poliza de Seguro,Póliza de Seguro
2025-09-14T04:13+00:00,1011,Registro Internacional Boliviano De Buques,REGISTRO PROVISIONAL SUJETO A CONDICIÓN RESOLUTORIA,modalidades[0]['publico'][0]['requisitos'][4]['nombre'],Declaracion Jurada,Declaración Jurada
2025-09-14T04:13+00:00,1011,Registro Internacional Boliviano De Buques,REGISTRO PROVISIONAL SUJETO A CONDICIÓN RESOLUTORIA,modalidades[0]['publico'][0]['requisitos'][6]['nombre'],Poliza de Seguro,Póliza de Seguro
2025-09-14T04:13+00:00,1012,Registro Internacional Boliviano De Buques,REGISTRO PROVISIONAL DUAL,modalidades[0]['publico'][0]['requisitos'][4]['nombre'],Declaracion Jurada,Declaración Jurada
2025-09-14T04:13+00:00,1012,Registro Internacional Boliviano De Buques,REGISTRO PROVISIONAL DUAL,modalidades[0]['publico'][0]['requisitos'][6]['nombre'],Poliza de Seguro,Póliza de Seguro
2025-09-14T04:13+00:00,1013,Registro Internacional Boliviano De Buques,REGISTRO TEMPORAL,modalidades[0]['publico'][0]['requisitos'][4]['nombre'],Declaracion Jurada,Declaración Jurada
2025-09-14T04:13+00:00,1013,Registro Internacional Boliviano De Buques,REGISTRO TEMPORAL,modalidades[0]['publico'][0]['requisitos'][5]['nombre'],Poliza de Seguro,Póliza de Seguro
2025-09-14T04:13+00:00,1014,Registro Internacional Boliviano De Buques,REGISTRO PERMANENTE,modalidades[0]['publico'][0]['requisitos'][3]['nombre'],Poliza de Seguro,Póliza de Seguro
2025-09-14T04:13+00:00,1018,Direc. Dptal. de Educación Tarija,TRAMITE DE CERTIFICADO SUPLETORIO DE TÍTULO PROFESIONAL DE MAESTRO,modalidades[0]['publico'][0]['requisitos'][6]['nombre'],Titulo Profesional,Título Profesional
2025-09-14T04:13+00:00,1019,Registro Internacional Boliviano De Buques,REGISTRO PERMANENTE DUAL,modalidades[0]['publico'][0]['requisitos'][3]['nombre'],Poliza de Seguro,Póliza de Seguro
2025-09-14T04:13+00:00,1023,Direc. Dptal. de Educación Tarija,TRAMITE DE RECONOCIMIENTO DE UN AÑO DE SERVICIO PARA ASCENSO DE CATEGORÍA PARA DIRECTORES ENCARGADOS,modalidades[0]['publico'][0]['requisitos'][4]['nombre'],Titulo Profesional,Título Profesional
2025-09-14T04:13+00:00,1024,Registro Internacional Boliviano De Buques,"EXTENSIÓN DE REGISTRO PROVISIONAL, ANUALIDAD DE REGISTRO PERMANENTE, RENOVACIÓN DE REGISTRO PERMANENTE EN LAS MODALIDADES NORMAL Y DUAL",modalidades[0]['publico'][0]['requisitos'][3]['nombre'],Poliza de Seguro,Póliza de Seguro
2025-09-14T04:13+00:00,1027,Direc. Dptal. de Educación Tarija,TRAMITE DE RECONOCIMIENTO DE HORAS PARALELAS PARA DOCENTES,modalidades[0]['publico'][0]['requisitos'][3]['nombre'],Titulo Profesional,Título Profesional
2025-09-14T04:13+00:00,1031,Direc. Dptal. de Educación Tarija,LEGALIZACIÓN  DE DIPLOMA DE BACHILLER ORIGINAL  PARA ESTUDIOS EN  EL EXTERIOR,modalidades[0]['publico'][0]['requisitos'][0]['nombre'],Declaracion Jurada,Declaración Jurada
2025-09-14T04:13+00:00,1038,Direc. Dptal. de Educación Tarija,LEGALIZACIÓN DE TITULACIÓN CONJUNTA,modalidades[0]['publico'][0]['requisitos'][0]['nombre'],Declaracion Jurada,Declaración Jurada
2025-09-14T04:13+00:00,1038,Direc. Dptal. de Educación Tarija,LEGALIZACIÓN DE TITULACIÓN CONJUNTA,modalidades[0]['publico'][0]['requisitos'][6]['nombre'],Libro de inscripciones,Libro de Inscripciones
2025-09-14T04:13+00:00,1038,Direc. Dptal. de Educación Tarija,LEGALIZACIÓN DE TITULACIÓN CONJUNTA,modalidades[0]['publico'][0]['requisitos'][9]['nombre'],Historial Academico,Historial Académico
2025-09-14T04:13+00:00,1041,Direc. Dptal. de Educación Tarija,CERTIFICADOS DE CAPACITACIÓN,modalidades[0]['publico'][0]['requisitos'][4]['nombre'],Libro de inscripciones,Libro de Inscripciones
2025-09-14T04:13+00:00,1042,Direc. Dptal. de Educación Tarija,LEGALIZACIÓN DE CERTIFICADO DE CAPACITACIÓN,modalidades[0]['publico'][0]['requisitos'][1]['nombre'],Libro de inscripciones,Libro de Inscripciones
2025-09-14T04:13+00:00,1043,Direc. Dptal. de Educación Tarija,REGISTRO DE PERSONAL DOCENTE Y DIRECTIVO RP-DGESTTLA,modalidades[0]['publico'][0]['requisitos'][5]['nombre'],Titulo Profesional,Título Profesional
2025-09-14T04:13+00:00,1044,Direc. Dptal. de Educación Tarija,REGISTRO DE PERSONAL ADMINISTRATIVO RP- DGESTTLA,modalidades[0]['publico'][0]['requisitos'][5]['nombre'],Titulo Profesional,Título Profesional
2025-09-14T04:13+00:00,1045,Direc. Dptal. de Educación Tarija,DESIGNACIONES Y PROCESAMIENTO DE MEMORÁNDUM,modalidades[0]['publico'][0]['requisitos'][3]['nombre'],Titulo Profesional,Título Profesional
2025-09-14T04:13+00:00,1045,Direc. Dptal. de Educación Tarija,DESIGNACIONES Y PROCESAMIENTO DE MEMORÁNDUM,modalidades[0]['publico'][0]['requisitos'][3]['nombre'],Titulo Profesional,Título Profesional
2025-09-14T04:13+00:00,1049,Fondo de Financiamiento para la Minería,Solicitud de Préstamo al Fondo de Financiento para la Mineria- FOFIM,fechaActualización,07/07/2025,12/09/2025
2025-09-14T04:13+00:00,1049,Fondo de Financiamiento para la Minería,Solicitud de Préstamo al Fondo de Financiento para la Mineria- FOFIM,nombre,Solicitud de Préstamo al Fondo de Financiento para la Mineria- FOFIM,Solicitud de Préstamo al Fondo de Financiamiento para la Minería- FOFIM
2025-09-14T04:13+00:00,1049,Fondo de Financiamiento para la Minería,Solicitud de Préstamo al Fondo de Financiento para la Mineria- FOFIM,slug,solicitud-de-prestamo-al-fondo-de-financiento-para-la-mineria-fofim,solicitud-de-prestamo-al-fondo-de-financiamiento-para-la-mineria-fofim
2025-09-14T04:13+00:00,1060,Instituto Boliviano De Metrologia,ADECUACIÓN AMBIENTAL - LEY 133,modalidades[0]['publico'][0]['requisitos'][4]['nombre'],Póliza de Importacion,Póliza de Importación
2025-09-14T04:13+00:00,1151,Servicio Nacional De Patrimonio Del Estado,CERTIFICACIÓN DEL PARQUE AUTOMOTOR,entidad['logo'],https://www.gob.bo/ws/api/archivos/e9ef2e39-ef14-4246-8f85-b9dc4486ef38.png,https://www.gob.bo/ws/api/archivos/57f403a9-c281-4474-acf3-61f1a5985db4.jpeg
2025-09-14T04:13+00:00,1155,Ministerio de Educación,Certificación de Certificado de Récord Académico,modalidades[0]['publico'][0]['requisitos'][0]['nombre'],Historial Academico,Historial Académico
2025-09-14T04:13+00:00,1155,Ministerio de Educación,Certificación de Certificado de Récord Académico,modalidades[1]['publico'][0]['requisitos'][0]['nombre'],Historial Academico,Historial Académico
2025-09-14T04:13+00:00,1231,Ministerio de Educación,Certificación Certificado de Promedio General,modalidades[0]['publico'][0]['requisitos'][0]['nombre'],Certificado de promedio,Certificado de Promedio
2025-09-14T04:13+00:00,1231,Ministerio de Educación,Certificación Certificado de Promedio General,modalidades[1]['publico'][0]['requisitos'][0]['nombre'],Certificado de promedio,Certificado de Promedio
2025-09-14T04:13+00:00,1232,Ministerio de Educación,Certificación de Historial Académico de Universidades Privadas/Públicas,modalidades[0]['publico'][0]['requisitos'][0]['nombre'],Historial Academico,Historial Académico
2025-09-14T04:13+00:00,1232,Ministerio de Educación,Certificación de Historial Académico de Universidades Privadas/Públicas,modalidades[1]['publico'][0]['requisitos'][0]['nombre'],Historial Academico,Historial Académico
2025-09-14T04:13+00:00,1247,Servicio Nacional De Patrimonio Del Estado,DECLARACIÓN JURADA DE BIENES DEL ESTADO,entidad['logo'],https://www.gob.bo/ws/api/archivos/e9ef2e39-ef14-4246-8f85-b9dc4486ef38.png,https://www.gob.bo/ws/api/archivos/57f403a9-c281-4474-acf3-61f1a5985db4.jpeg
2025-09-14T04:13+00:00,1251,Servicio Nacional De Patrimonio Del Estado,CERTIFICACIÓN DE INEXISTENCIA DE BIENES INMUEBLES DIGITAL,entidad['logo'],https://www.gob.bo/ws/api/archivos/e9ef2e39-ef14-4246-8f85-b9dc4486ef38.png,https://www.gob.bo/ws/api/archivos/57f403a9-c281-4474-acf3-61f1a5985db4.jpeg
2025-09-14T04:13+00:00,1251,Servicio Nacional De Patrimonio Del Estado,CERTIFICACIÓN DE INEXISTENCIA DE BIENES INMUEBLES DIGITAL,fechaActualización,08/07/2025,12/09/2025
2025-09-14T04:13+00:00,1251,Servicio Nacional De Patrimonio Del Estado,CERTIFICACIÓN DE INEXISTENCIA DE BIENES INMUEBLES DIGITAL,modalidades[0]['publico'][0]['procedimiento'],"<p>Las solicitudes del Certificado de Inexistencia de Bienes Inmuebles Digital - CIBID para la compra o alquiler de inmuebles, se realizan a través del llenado del Formulario de Solicitud generado por el Sistema CIBID, debiendo las mismas ser formalizadas a través de la presentación de una carta dirigida a la MAE del SENAPE, adjuntando un ejemplar impreso del mencionado Formulario, debidamente suscrito (firma y sello original) por la MAE de la entidad solicitante y los requisitos correspondientes.</p><p>El Certificado de Inexistencia de Bienes Inmuebles Digital - CIBID, es generado por la Unidad de Bienes de la Dirección de Disposición de Bienes y Recuperación de Activos Exigibles - DBRAE del SENAPE, a partir de la información registrada en su solicitud, tiene validez para la gestión fiscal solicitada y es firmado digitalmente para su descarga respectiva por parte de la entidad solicitante a través del mismo Sistema.</p>","<p>Las solicitudes del Certificado de Inexistencia de Bienes Inmuebles Digital - CIBID para el alquiler o compra de inmuebles, se realizan a través del llenado del Formulario de Solicitud generado por el Sistema CIBID, debiendo las mismas ser formalizadas a través de la presentación de una carta dirigida a la MAE del SENAPE, adjuntando un ejemplar impreso del mencionado Formulario, debidamente suscrito (firma y sello original) y los requisitos correspondientes.</p><p>El Certificado de Inexistencia de Bienes Inmuebles Digital - CIBID, es emitido por la Unidad de Disposición de Bienes de la Dirección de Disposición de Bienes y Recuperación de Activos Exigibles – DBRAE, dicho certificado se genera en formato PDF, con las firmas digitales correspondientes, y podrá ser descargado directamente desde la misma plataforma en la que fue realizada la solicitud.</p>"
2025-09-14T04:13+00:00,1251,Servicio Nacional De Patrimonio Del Estado,CERTIFICACIÓN DE INEXISTENCIA DE BIENES INMUEBLES DIGITAL,modalidades[0]['publico'][0]['requisitos'][0]['comentario'],"Acta de Recepción de Declaraciones Juradas de Bienes del Estado – DEJURBE de la última gestión finalizada - SENAPE.
Justificativo para el alquiler o la compra – donde se especifique la inexistencia de inmuebles propios y la extrema necesidad de alquilar o comprar",Formulario de Solicitud CIBID (Original)
2025-09-14T04:13+00:00,1251,Servicio Nacional De Patrimonio Del Estado,CERTIFICACIÓN DE INEXISTENCIA DE BIENES INMUEBLES DIGITAL,modalidades[0]['publico'][0]['requisitos'][0]['nombre'],Requisito de Trámite,Formulario
2025-09-14T04:13+00:00,1251,Servicio Nacional De Patrimonio Del Estado,CERTIFICACIÓN DE INEXISTENCIA DE BIENES INMUEBLES DIGITAL,modalidades[0]['publico'][0]['requisitos'][1]['comentario'],Certificación Plan Operativo Anual – POA y presupuestario de la gestión 2025,Justificativo para el alquiler o la compra – donde se especifique la inexistencia de inmuebles propios y la extrema necesidad de alquilar o comprar.
2025-09-14T04:13+00:00,1251,Servicio Nacional De Patrimonio Del Estado,CERTIFICACIÓN DE INEXISTENCIA DE BIENES INMUEBLES DIGITAL,modalidades[0]['publico'][0]['requisitos'][1]['nombre'],Certificado,Requisito de Trámite
2025-09-14T04:13+00:00,1251,Servicio Nacional De Patrimonio Del Estado,CERTIFICACIÓN DE INEXISTENCIA DE BIENES INMUEBLES DIGITAL,modalidades[0]['publico'][0]['requisitos'][2]['comentario'],Formulario de Solicitud CIBID (Original),"Certificación Plan Operativo Anual – POA, de la gestión 2025.
Certificación Presupuestaria, de la gestión 2025.
Acta de Recepción de Declaraciones Juradas de Bienes del Estado – DEJURBE de la última gestión finalizada."
2025-09-14T04:13+00:00,1251,Servicio Nacional De Patrimonio Del Estado,CERTIFICACIÓN DE INEXISTENCIA DE BIENES INMUEBLES DIGITAL,modalidades[0]['publico'][0]['requisitos'][2]['nombre'],Formulario,Certificado
2025-09-14T04:13+00:00,1252,Direc. Dptal. de Educación  Chuquisaca,Certificado Supletorio de Diploma de Bachiller,modalidades[0]['publico'][0]['requisitos'][3]['nombre'],Declaracion Jurada,Declaración Jurada
2025-09-14T04:13+00:00,1300,Empresa Municipal de Gestión de Residuos Sólidos,CONTRATO RES,modalidades[0]['publico'][0]['requisitos'][4]['nombre'],Titulo en Provisión Nacional,Título en Provisión Nacional
2025-09-14T04:13+00:00,1305,Tribunal Supremo de Justicia,Seguimiento de Causas y Presentación de Memorial al TSJ,modalidades[0]['publico'][0]['requisitos'][0]['nombre'],Ciudadania Digital,Ciudadanía Digital
2025-09-14T04:13+00:00,1317,Ministerio de Educación,Concentrado de Notas Histórico Académico Récord Académico,modalidades[0]['publico'][0]['requisitos'][0]['nombre'],Historial Academico,Historial Académico
2025-09-14T04:13+00:00,1317,Ministerio de Educación,Concentrado de Notas Histórico Académico Récord Académico,modalidades[1]['publico'][0]['requisitos'][0]['nombre'],Historial Academico,Historial Académico
2025-09-14T04:13+00:00,1323,Direc. Dptal. de Educación  Chuquisaca,Resolución Administrativa de Rectificación de Datos en Declaración Jurada,modalidades[0]['publico'][0]['requisitos'][1]['nombre'],Declaracion Jurada,Declaración Jurada
2025-09-14T04:13+00:00,1342,Ministerio de Educación,Título Profesional a nivel de Licenciatura y Técnico Superior de Universidades Privadas.,modalidades[0]['publico'][0]['requisitos'][0]['nombre'],Titulo Profesional,Título Profesional
2025-09-14T04:13+00:00,1343,Ministerio de Educación,"Título Profesional a nivel de Licenciatura, Técnico Superior y Técnico Medio de la Universidad Policial Mcal. Antonio José de Sucre.",modalidades[0]['publico'][0]['requisitos'][0]['nombre'],Titulo Profesional,Título Profesional
2025-09-14T04:13+00:00,1344,Ministerio de Educación,"Título Profesional a nivel de Licenciatura y Técnico Superior de la Universidad Militar ""Mariscal Bernardino Bilbao Rioja"".",modalidades[0]['publico'][0]['requisitos'][0]['nombre'],Titulo Profesional,Título Profesional
2025-09-14T04:13+00:00,1345,Ministerio de Educación,"Título Profesional a nivel de Técnico Superior y Técnico Medio de Institutos Técnicos y Tecnológicos de carácter Fiscal, de Convenio y Privado.",modalidades[0]['publico'][0]['requisitos'][0]['nombre'],Titulo Profesional,Título Profesional
2025-09-14T04:13+00:00,1346,Ministerio de Educación,Título Profesional a nivel de Técnico Medio de la Escuela Nacional de Salud y Escuela Técnica de Salud Boliviano - Japonesa de Cooperación Andina.,modalidades[0]['publico'][0]['requisitos'][0]['nombre'],Titulo Profesional,Título Profesional
2025-09-14T04:13+00:00,1347,Ministerio de Educación,"Título Profesional a nivel de Técnico Medio del área de salud de Institutos Técnicos Tecnológicos de carácter Fiscal, de Convenio y Privado.",modalidades[0]['publico'][0]['requisitos'][0]['nombre'],Titulo Profesional,Título Profesional
2025-09-14T04:13+00:00,1351,Autoridad de Fiscalización del Juego,Solicitud de Autorizacion de Promocion Empresarial,modalidades[0]['publico'][0]['requisitos'][10]['nombre'],Declaracion Jurada,Declaración Jurada
2025-09-14T04:13+00:00,1351,Autoridad de Fiscalización del Juego,Solicitud de Autorizacion de Promocion Empresarial,modalidades[0]['publico'][0]['requisitos'][4]['nombre'],Resolucion - Autorización,Resolución - Autorización
2025-09-14T04:13+00:00,1351,Autoridad de Fiscalización del Juego,Solicitud de Autorizacion de Promocion Empresarial,modalidades[1]['publico'][0]['requisitos'][4]['nombre'],Declaracion Jurada,Declaración Jurada
2025-09-14T04:13+00:00,1351,Autoridad de Fiscalización del Juego,Solicitud de Autorizacion de Promocion Empresarial,modalidades[1]['publico'][0]['requisitos'][9]['nombre'],Resolucion - Autorización,Resolución - Autorización
2025-09-14T04:13+00:00,1352,Autoridad de Fiscalización del Juego,Solicitud de ampliación/modificación de promociones empresariales,modalidades[0]['publico'][0]['requisitos'][3]['nombre'],Declaracion Jurada,Declaración Jurada
2025-09-14T04:13+00:00,1352,Autoridad de Fiscalización del Juego,Solicitud de ampliación/modificación de promociones empresariales,modalidades[1]['publico'][0]['requisitos'][2]['nombre'],Declaracion Jurada,Declaración Jurada
2025-09-14T04:13+00:00,1372,Autoridad de Fiscalización del Juego,Solicitud de Licencia de Operaciones para Juegos de azar y sorteos,modalidades[0]['publico'][0]['requisitos'][12]['nombre'],Declaracion Jurada,Declaración Jurada
2025-09-14T04:13+00:00,1404,Autoridad de Fiscalización del Juego,Solicitud de registro y autorización como empresa acreditada para expedir certificados de cumplimiento,modalidades[0]['publico'][0]['requisitos'][2]['nombre'],Declaracion Jurada,Declaración Jurada
2025-09-14T04:13+00:00,1404,Autoridad de Fiscalización del Juego,Solicitud de registro y autorización como empresa acreditada para expedir certificados de cumplimiento,modalidades[0]['publico'][1]['requisitos'][1]['nombre'],Declaracion Jurada,Declaración Jurada
2025-09-14T04:13+00:00,1405,Autoridad de Fiscalización y Control de Cooperativas,OTORGACIÓN DE PERSONALIDAD JURÍDICA PARA COOPERATIVAS DE PRIMER GRADO,modalidades[0]['publico'][0]['requisitos'][6]['nombre'],Declaracion Jurada,Declaración Jurada
2025-09-14T04:13+00:00,1406,Autoridad de Fiscalización y Control de Cooperativas,OTORGACIÓN DE PERSONALIDAD JURÍDICA PARA COOPERATIVAS DE SEGUNDO A CUARTO GRADO,modalidades[0]['publico'][0]['requisitos'][5]['nombre'],Declaracion Jurada,Declaración Jurada
2025-09-14T04:13+00:00,1416,Consejo Nacional de Vivienda Policial,Alquiler de Viviendas de Apoyo Institucional,modalidades[0]['publico'][0]['requisitos'][4]['nombre'],Declaracion Jurada,Declaración Jurada
2025-09-14T04:13+00:00,1417,Autoridad de Fiscalización y Control de Cooperativas,"INSCRIPCIÓN DE LOS CONSEJOS DE ADMINISTRACIÓN, VIGILANCIA, TRIBUNALES, COMITÉS Y COMISIONES DE LAS COOPERATIVAS",modalidades[0]['publico'][0]['requisitos'][4]['nombre'],Declaracion Jurada,Declaración Jurada
2025-09-14T04:13+00:00,1418,Autoridad de Fiscalización y Control de Cooperativas,REGISTRO DE ADMISIÓN O INCLUSIÓN DE ASOCIADOS (AS),modalidades[0]['publico'][0]['requisitos'][5]['nombre'],Declaracion Jurada,Declaración Jurada
2025-09-14T04:13+00:00,1420,Autoridad de Fiscalización y Control de Cooperativas,INSCRIPCIÓN DE RENUNCIA VOLUNTARIA,modalidades[0]['publico'][0]['requisitos'][4]['nombre'],Declaracion Jurada,Declaración Jurada
2025-09-14T04:13+00:00,1422,Autoridad de Fiscalización y Control de Cooperativas,REGISTRO DE FUSIÓN DE COOPERATIVAS,modalidades[0]['publico'][0]['requisitos'][2]['nombre'],Declaracion Jurada,Declaración Jurada
2025-09-14T04:13+00:00,1425,Autoridad de Fiscalización y Control de Cooperativas,REGISTRO DE AUTORIZACIÓN DE APERTURA DE SUCURSALES,modalidades[0]['publico'][0]['requisitos'][4]['nombre'],Declaracion Jurada,Declaración Jurada
2025-09-14T04:13+00:00,1435,Autoridad de Fiscalización del Juego,"Solicitud de registro y autorización como fabricante acreditado de máquinas de juego o medios de juegos, de lotería, azar y sorteos.",modalidades[0]['publico'][0]['requisitos'][3]['nombre'],Declaracion Jurada,Declaración Jurada
2025-09-14T04:13+00:00,1435,Autoridad de Fiscalización del Juego,"Solicitud de registro y autorización como fabricante acreditado de máquinas de juego o medios de juegos, de lotería, azar y sorteos.",modalidades[0]['publico'][1]['requisitos'][4]['nombre'],Declaracion Jurada,Declaración Jurada
2025-09-14T04:13+00:00,1448,Autoridad de Fiscalización y Control de Cooperativas,INSCRIPCIÓN DE LOS TRIBUNALES DE HONOR DE LAS COOPERATIVAS,modalidades[0]['publico'][0]['requisitos'][2]['nombre'],Declaracion Jurada,Declaración Jurada
2025-09-14T04:13+00:00,1462,Servicio Nacional Del Sistema De Reparto,TRÁMITE DE COMPENSACIÓN DE COTIZACIONES - PROCEDIMIENTO AUTOMÁTICO,modalidades[0]['publico'][0]['requisitos'][3]['nombre'],Boleta de pago,Boleta de Pago
2025-09-14T04:13+00:00,1509,Instituto Boliviano De Metrologia,Taller Reacondicionamiento,modalidades[0]['publico'][0]['requisitos'][9]['nombre'],Poliza de Seguro,Póliza de Seguro
2025-09-14T04:13+00:00,1524,Instituto Boliviano De Metrologia,Taller GASES,modalidades[0]['publico'][0]['requisitos'][9]['nombre'],Poliza de Seguro,Póliza de Seguro
2025-09-14T04:13+00:00,1525,Direc. Dptal. de Educación  Chuquisaca,"Regularización, Rectificación y Adición de Notas antes de la Gestión 2014",modalidades[0]['publico'][0]['requisitos'][0]['nombre'],Declaracion Jurada,Declaración Jurada
2025-09-14T04:13+00:00,1527,Direc. Dptal. de Educación  Chuquisaca,Permuta de Cargos Docentes,modalidades[0]['publico'][0]['requisitos'][2]['nombre'],Titulo en Provisión Nacional,Título en Provisión Nacional
2025-09-14T04:13+00:00,1531,Ministerio de Desarrollo Productivo y Economía Plural,AUTORIZACIONES PREVIAS DE IMPORTACION,modalidades[0]['publico'][0]['requisitos'][1]['nombre'],Declaracion Jurada,Declaración Jurada
2025-09-14T04:13+00:00,1538,Contraloria General del Estado,Certificado de Información sobre Solvencia con el Fisco (Contratación de Bienes Servicios y Obras),modalidades[0]['publico'][0]['requisitos'][6]['nombre'],Registro Unico Nacional de ONG,Registro Único Nacional de ONG
2025-09-14T04:13+00:00,1543,Servicio Nacional De Verificacion De Exportaciones,CERTIFICADOS DE ORIGEN,modalidades[0]['publico'][0]['requisitos'][1]['nombre'],Declaracion Jurada,Declaración Jurada
2025-09-14T04:13+00:00,1546,Mutual de Servicios al Policía,Préstamo Anticipo Para el Sector Activo,modalidades[0]['publico'][0]['requisitos'][5]['nombre'],Boleta de pago,Boleta de Pago
2025-09-14T04:13+00:00,1551,Mutual de Servicios al Policía,Préstamos a Corto Plazo para el Sector Activo,modalidades[0]['publico'][0]['requisitos'][1]['nombre'],Boleta de pago,Boleta de Pago
2025-09-14T04:13+00:00,1563,Universidad Mayor de San Simón,FOTOC. TIT. PROV. NAL. - APOSTILLA,modalidades[0]['publico'][0]['requisitos'][0]['nombre'],Titulo en Provisión Nacional,Título en Provisión Nacional
2025-09-14T04:13+00:00,1579,Universidad Mayor de San Simón,CERT. ACREDIT. TIT. PROV. NAL. - APOSTILLA,modalidades[0]['publico'][0]['requisitos'][0]['nombre'],Titulo en Provisión Nacional,Título en Provisión Nacional
2025-09-14T04:13+00:00,1581,Universidad Mayor de San Simón,LEG. FOTOC. TIT. PROV. NAL. ALUM. NAL,modalidades[0]['publico'][0]['requisitos'][0]['nombre'],Titulo en Provisión Nacional,Título en Provisión Nacional
2025-09-14T04:13+00:00,1582,Universidad Mayor de San Simón,VERIF. AUTENT. FOTOC. TIT. PROV. NACIONAL,modalidades[0]['publico'][0]['requisitos'][0]['nombre'],Titulo en Provisión Nacional,Título en Provisión Nacional
2025-09-14T04:13+00:00,1585,Mutual de Servicios al Policía,Préstamos a Corto Plazo para el Sector Pasivo,modalidades[0]['publico'][0]['requisitos'][1]['nombre'],Boleta de pago,Boleta de Pago
2025-09-14T04:13+00:00,1592,Mutual de Servicios al Policía,Préstamo a Largo Plazo con Garantía Personal Para el Sector Activo,modalidades[0]['publico'][0]['requisitos'][1]['nombre'],Boleta de pago,Boleta de Pago
2025-09-14T04:13+00:00,1601,Autoridad de Fiscalización del Juego,Solicitud de Registro de distribuidor autorizado,modalidades[0]['publico'][0]['requisitos'][2]['nombre'],Declaracion Jurada,Declaración Jurada
2025-09-14T04:13+00:00,1601,Autoridad de Fiscalización del Juego,Solicitud de Registro de distribuidor autorizado,modalidades[0]['publico'][1]['requisitos'][7]['nombre'],Declaracion Jurada,Declaración Jurada
2025-09-14T04:13+00:00,1604,Mutual de Servicios al Policía,Préstamo a Largo Plazo con Pago Oportuno,modalidades[0]['publico'][0]['requisitos'][1]['nombre'],Boleta de pago,Boleta de Pago
2025-09-14T04:13+00:00,1605,Mutual de Servicios al Policía,Préstamo a Largo Plazo con Garantía  Personal Para el Sector Pasivo,modalidades[0]['publico'][0]['requisitos'][5]['nombre'],Boleta de pago,Boleta de Pago
2025-09-14T04:13+00:00,1606,Mutual de Servicios al Policía,Préstamo al Sector Activo con Garantía del Beneficio del Fondo de Retiro Policial Solidario,modalidades[0]['publico'][0]['requisitos'][1]['nombre'],Boleta de pago,Boleta de Pago
2025-09-14T04:13+00:00,1609,Contraloria General del Estado,Certificado de Información sobre Solvencia con el Fisco (Para Trámites Administrativos),modalidades[0]['publico'][0]['requisitos'][0]['nombre'],Registro Unico Nacional de ONG,Registro Único Nacional de ONG
2025-09-14T04:13+00:00,1611,Contraloria General del Estado,Declaración Jurada de Bienes y Rentas,modalidades[0]['publico'][0]['requisitos'][2]['nombre'],Constancia de Registro de Ciudadanìa Digital,Constancia de Registro de Ciudadanía Digital
2025-09-14T04:13+00:00,1643,Mutual de Servicios al Policía,Pago del Complemento Económico - Viuda (o) - Inclusión y Habilitación,modalidades[0]['publico'][0]['requisitos'][5]['nombre'],Boleta de pago,Boleta de Pago
2025-09-14T04:13+00:00,1644,Mutual de Servicios al Policía,Pago del Complemento Económico - Huérfano (s) Absoluto (s) - Inclusión y Habilitación,modalidades[0]['publico'][0]['requisitos'][6]['nombre'],Boleta de pago,Boleta de Pago
2025-09-14T04:13+00:00,1696,Gestora Pública de la Seguridad Social de Largo Plazo,Gastos Funerales,modalidades[0]['publico'][0]['requisitos'][3]['nombre'],Declaracion Jurada,Declaración Jurada
2025-09-14T04:13+00:00,1779,Servicio Nacional De Propiedad Intelectual,Registro de Diseños Industriales,modalidades[0]['publico'][0]['requisitos'][6]['nombre'],Cesion de Derechos en favor del solicitante,Cesión de Derechos en Favor del Solicitante
2025-09-14T04:13+00:00,1813,Servicio Nacional De Propiedad Intelectual,Patente de Modelo de Utilidad,modalidades[0]['publico'][0]['requisitos'][0]['nombre'],Cesion de Derechos en favor del solicitante,Cesión de Derechos en Favor del Solicitante
2025-09-14T04:13+00:00,1814,Servicio Nacional De Propiedad Intelectual,Patentes de invención,modalidades[0]['publico'][0]['requisitos'][3]['nombre'],Cesion de Derechos en favor del solicitante,Cesión de Derechos en Favor del Solicitante
2025-09-14T04:13+00:00,1832,Ministerio de Educación,"Título de Auxiliar en Enfermería de Institutos Técnicos y Tecnológicos, Escuela Nacional de Salud, Escuela Técnica de Salud Boliviano Japonesa de Cooperación Andina.",modalidades[0]['publico'][0]['requisitos'][0]['nombre'],Titulo Profesional,Título Profesional
2025-09-14T04:13+00:00,1985,Zona Franca Comercial e Industrial de Cobija,LEGALIZACIÓN DE PÓLIZA – ZOFRACOBIJA,modalidades[0]['publico'][0]['requisitos'][1]['nombre'],Declaracion Jurada,Declaración Jurada
2025-09-14T04:13+00:00,1985,Zona Franca Comercial e Industrial de Cobija,LEGALIZACIÓN DE PÓLIZA – ZOFRACOBIJA,modalidades[0]['publico'][0]['requisitos'][5]['nombre'],Póliza de Importacion,Póliza de Importación
2025-09-14T04:13+00:00,1993,Seguro Social Universitario de Sucre,AFILIACIÓN AL SSUE - ESTUDIANTES DE LA USFXCH - SUCRE,modalidades[0]['publico'][0]['requisitos'][2]['nombre'],Declaracion Jurada,Declaración Jurada
2025-09-14T04:13+00:00,2172,Ministerio de Hidrocarburos y Energías,EVALUACIÓN DE INFORMES DE MONITOREO AMBIENTAL,modalidades[0]['publico'][0]['requisitos'][0]['nombre'],Declaracion Jurada,Declaración Jurada
2025-09-14T04:13+00:00,2173,Ministerio de Hidrocarburos y Energías,EVALUACIÓN DE INSTRUMENTOS DE REGULACIÓN PARTICULAR PARA LA OBTENCIÓN DE LICENCIA AMBIENTAL,modalidades[0]['publico'][0]['requisitos'][0]['nombre'],Declaracion Jurada,Declaración Jurada
2025-09-14T04:13+00:00,2208,Seguro Social Universitario de La Paz,REQUISITOS PARA AFILIACIÓN DE TRABAJADOR ACTIVO,modalidades[0]['publico'][0]['requisitos'][3]['nombre'],Boleta de pago,Boleta de Pago
2025-09-14T04:13+00:00,2209,Seguro Social Universitario de La Paz,AFILIACIÓN DE BENEFICIARIOS ESPOSO O ESPOSA O UNION LIBRE.,modalidades[0]['publico'][0]['requisitos'][6]['nombre'],Boleta de pago,Boleta de Pago
2025-09-14T04:13+00:00,2210,Seguro Social Universitario de La Paz,"AFILIACIÓN PARA RENTISTAS, JUBILADOS Y PENSIONADOS",modalidades[0]['publico'][0]['requisitos'][1]['nombre'],Boleta de pago,Boleta de Pago
2025-09-14T04:13+00:00,2211,Seguro Social Universitario de La Paz,AFILIACIÓN PARA BENEFICIARIOS RECIÉN NACIDOS,modalidades[0]['publico'][0]['requisitos'][3]['nombre'],Boleta de pago,Boleta de Pago
2025-09-14T04:13+00:00,2212,Seguro Social Universitario de La Paz,AFILIACIÓN PARA HIJOS HASTA CUMPLIDOS LOS 19 AÑOS,modalidades[0]['publico'][0]['requisitos'][3]['nombre'],Boleta de pago,Boleta de Pago
2025-09-14T04:13+00:00,2213,Seguro Social Universitario de La Paz,AFILIACIÓN HIJOS CUMPLIDOS LOS VEINTICINCO 25 AÑOS,modalidades[0]['publico'][0]['requisitos'][5]['nombre'],Boleta de pago,Boleta de Pago
2025-09-14T04:13+00:00,2214,Seguro Social Universitario de La Paz,AFILIACIÓN PARA BENEFICIARIOS MENORES CON TUTELA EXPRESA,modalidades[0]['publico'][0]['requisitos'][5]['nombre'],Boleta de pago,Boleta de Pago
2025-09-14T04:13+00:00,2215,Seguro Social Universitario de La Paz,AFILIACIÓN DE BENEF. HIJOS DECLARADOS INVÁLIDOS,modalidades[0]['publico'][0]['requisitos'][6]['nombre'],Boleta de pago,Boleta de Pago
2025-09-14T04:13+00:00,2216,Seguro Social Universitario de La Paz,AFILIACIÓN PARA BENEFICIARIOS PADRES,modalidades[0]['publico'][0]['requisitos'][7]['nombre'],Boleta de pago,Boleta de Pago
2025-09-14T04:13+00:00,2217,Seguro Social Universitario de La Paz,AFILIACIÓN PARA DERECHOHABIENTES,modalidades[0]['publico'][0]['requisitos'][8]['nombre'],Boleta de pago,Boleta de Pago
2025-09-14T04:13+00:00,2218,Seguro Social Universitario de La Paz,AFILIACIÓN JUBILADOS POR ASIGNACIÓN (SISTEMA ALGORITMO),modalidades[0]['publico'][0]['requisitos'][1]['nombre'],Boleta de pago,Boleta de Pago
2025-09-14T04:13+00:00,2220,Gobierno Autónomo Municipal de Sucre,CERTIFICACION CATASTRAL PARA PAGO DE IMPUESTOS Y TRAMITES ADMINISTRATIVOS,modalidades[0]['publico'][0]['requisitos'][6]['nombre'],pago de Impuestos,Pago de Impuestos
2025-09-14T04:13+00:00,2221,Gobierno Autónomo Municipal de Sucre,CERTIFICACION CATASTRAL PARA TRANSFERENCIAS,modalidades[0]['publico'][0]['requisitos'][6]['nombre'],pago de Impuestos,Pago de Impuestos
2025-09-14T04:13+00:00,2223,Gobierno Autónomo Municipal de Sucre,CERTIFICACION DE CAMBIO DE TITULARIDAD,modalidades[0]['publico'][0]['requisitos'][5]['nombre'],pago de Impuestos,Pago de Impuestos
2025-09-14T04:13+00:00,2224,Gobierno Autónomo Municipal de Sucre,CERTIFICACION DE MENSURA Y LINDEROS,modalidades[0]['publico'][0]['requisitos'][5]['nombre'],pago de Impuestos,Pago de Impuestos
2025-09-14T04:13+00:00,2224,Gobierno Autónomo Municipal de Sucre,CERTIFICACION DE MENSURA Y LINDEROS,modalidades[0]['publico'][0]['requisitos'][7]['nombre'],Requisito técnico,Requisito Técnico
2025-09-14T04:13+00:00,2225,Gobierno Autónomo Municipal de Sucre,CERTIFICACION DE COLINDANCIAS,modalidades[0]['publico'][0]['requisitos'][4]['nombre'],pago de Impuestos,Pago de Impuestos
2025-09-14T04:13+00:00,2226,Gobierno Autónomo Municipal de Sucre,LINEAS MUNICIPALES,modalidades[0]['publico'][0]['requisitos'][4]['nombre'],pago de Impuestos,Pago de Impuestos
2025-09-14T04:13+00:00,2227,Gobierno Autónomo Municipal de Sucre,DIVISIONES Y/O FUSIONES,modalidades[0]['publico'][0]['requisitos'][3]['nombre'],pago de Impuestos,Pago de Impuestos
2025-09-14T04:13+00:00,2227,Gobierno Autónomo Municipal de Sucre,DIVISIONES Y/O FUSIONES,modalidades[0]['publico'][0]['requisitos'][5]['nombre'],Requisito técnico,Requisito Técnico
2025-09-14T04:13+00:00,2231,Direc. Dptal. de Educación Pando,"CTUALIZACIÓN DE DATOS EN EL REGISTRO DOCENTE ADMINISTRATIVO (RDA) - Actualización de datos de Formación (fecha de emisión, entidad emisora, especialidad y/o nivel)",modalidades[0]['publico'][0]['requisitos'][0]['nombre'],Titulo Profesional,Título Profesional
2025-09-14T04:13+00:00,2235,Direc. Dptal. de Educación Pando,CERTIFICADO SUPLETORIO DEL TÍTULO PROFESIONAL DE MAESTRO,modalidades[0]['publico'][0]['requisitos'][7]['nombre'],Titulo en Provisión Nacional,Título en Provisión Nacional
2025-09-14T04:13+00:00,2235,Direc. Dptal. de Educación Pando,CERTIFICADO SUPLETORIO DEL TÍTULO PROFESIONAL DE MAESTRO,modalidades[0]['publico'][0]['requisitos'][7]['nombre'],Titulo en Provisión Nacional,Título en Provisión Nacional
2025-09-14T04:13+00:00,2235,Direc. Dptal. de Educación Pando,CERTIFICADO SUPLETORIO DEL TÍTULO PROFESIONAL DE MAESTRO,modalidades[0]['publico'][0]['requisitos'][9]['nombre'],Titulo Profesional,Título Profesional
2025-09-14T04:13+00:00,2235,Direc. Dptal. de Educación Pando,CERTIFICADO SUPLETORIO DEL TÍTULO PROFESIONAL DE MAESTRO,modalidades[0]['publico'][0]['requisitos'][9]['nombre'],Titulo Profesional,Título Profesional
2025-09-14T04:13+00:00,2236,Direc. Dptal. de Educación Pando,REPOSICIÓN DE RESOLUCIONES MINISTERIALES DE VISACIÓN DE TÍTULO PROFESIONAL DE MAESTRO (TPM) Y DECLARATORIA DE TITULAR POR ANTIGÜEDAD (DTA) EMITIDAS ANTES DE LA GESTIÓN 2002,modalidades[0]['publico'][0]['requisitos'][1]['nombre'],Titulo Profesional,Título Profesional
2025-09-14T04:13+00:00,2239,Direc. Dptal. de Educación Pando,REPOSICIÓN DE RESOLUCIÓN MINISTERIAL Y/O SECRETARIAL DE DECLARATORIA TITULAR POR ANTIGÜEDAD,modalidades[0]['publico'][0]['requisitos'][4]['nombre'],Resolucion de Titular por Antigüedad,Resolución de Titular por Antigüedad
2025-09-14T04:13+00:00,2241,Direc. Dptal. de Educación Pando,REQUISITOS DE RECONOCIMIENTO DE UN (1) AÑO DE SERVICIO DOCENTE A MAESTRAS Y MAESTROS QUE DESEMPEÑAN FUNCIONES EN EL CARGO DE DIRECTOR ENCARGADO DE UNIDADES EDUCATIVAS O CENTROS DE EDUCACION ALTERNATIVA,modalidades[0]['publico'][0]['requisitos'][3]['nombre'],Titulo Profesional,Título Profesional
2025-09-14T04:13+00:00,2250,Mutual de Servicios al Policía,Préstamo Anticipo Para el Sector Pasivo,modalidades[0]['publico'][0]['requisitos'][1]['nombre'],Boleta de pago,Boleta de Pago
2025-09-14T04:13+00:00,2258,Instituto Boliviano de la Ceguera,Programa de Evaluación y Certificación en Rehabilitación,modalidades[0]['publico'][0]['requisitos'][2]['nombre'],Declaracion Jurada,Declaración Jurada
2025-09-14T04:13+00:00,2267,Ministerio de Justicia y Transparencia Institucional,Renovación y Reposición de Credenciales,modalidades[0]['publico'][0]['requisitos'][0]['nombre'],Ciudadania Digital,Ciudadanía Digital
2025-09-14T04:13+00:00,2268,Ministerio de Justicia y Transparencia Institucional,REGISTRO DE NUEVO(A) ABOBADO,modalidades[0]['publico'][0]['requisitos'][0]['nombre'],Ciudadania Digital,Ciudadanía Digital
2025-09-14T04:13+00:00,2269,Ministerio de Justicia y Transparencia Institucional,DENUNCIAS CONTRA ABOGADOS,modalidades[1]['publico'][0]['requisitos'][0]['nombre'],Ciudadania Digital,Ciudadanía Digital
2025-09-14T04:13+00:00,2270,Ministerio de Justicia y Transparencia Institucional,REGISTRO DE SOCIEDADES CIVILES,modalidades[0]['publico'][0]['requisitos'][0]['nombre'],Ciudadania Digital,Ciudadanía Digital
2025-09-14T04:13+00:00,2272,Ministerio de Justicia y Transparencia Institucional,CERTIFICACIÓN OBLIGATORIA DE MODELOS DE CONTRATO DE DESARROLLO INMOBILIARIO,modalidades[0]['publico'][0]['requisitos'][0]['nombre'],Ciudadania Digital,Ciudadanía Digital
2025-09-14T04:13+00:00,2289,Autoridad de Regulación y Fiscalización de Telecomunicaciones y Transportes,Homologación de Equipos de Telecomunicaciones,modalidades[0]['publico'][0]['requisitos'][1]['nombre'],Declaracion Jurada,Declaración Jurada
2025-09-14T04:13+00:00,2313,Universidad Autónoma del Beni José Ballivián,DIPLOMA ACADEMICO UABJB,modalidades[0]['publico'][0]['requisitos'][4]['nombre'],Historial Academico,Historial Académico
2025-09-14T04:13+00:00,2332,Gobierno Autónomo Municipal de Sacaba,REQUISITOS PARA OBTENER LICENCIA DE FUNCIONAMIENTO - INDUSTRIAS EN GENERAL - GAMS,modalidades[0]['publico'][0]['requisitos'][0]['nombre'],Declaracion Jurada,Declaración Jurada
2025-09-14T04:13+00:00,2341,Gobierno Autónomo Municipal de La Paz,INSCRIPCIÓN VEHÍCULO AUTOMOTOR TERRESTRE POR IMPORTACIÓN DE CASA COMERCIAL,modalidades[0]['publico'][0]['requisitos'][0]['nombre'],Póliza de Importacion,Póliza de Importación
2025-09-14T04:13+00:00,2357,Seguro Social Universitario de La Paz,AFILIACIÓN POR CONTINUIDAD DE ENTE GESTOR,modalidades[0]['publico'][0]['requisitos'][6]['nombre'],Declaracion voluntaria,Declaración Voluntaria
2025-09-14T04:13+00:00,2357,Seguro Social Universitario de La Paz,AFILIACIÓN POR CONTINUIDAD DE ENTE GESTOR,modalidades[0]['publico'][0]['requisitos'][7]['nombre'],Boleta de pago,Boleta de Pago
2025-09-14T04:13+00:00,2358,Seguro Social Universitario de La Paz,REAFILIACIÓN POR CORRECCIÓN DE NOMBRE,modalidades[0]['publico'][0]['requisitos'][5]['nombre'],Resolucion - Autorización,Resolución - Autorización
2025-09-14T04:13+00:00,2363,Gobierno Autónomo Municipal de La Paz,"INSCRIPCIÓN DEL VEHÍCULO AUTOMOTOR TERRESTRE
POR IMPORTACIÓN DIRECTA",modalidades[0]['publico'][0]['requisitos'][0]['nombre'],Póliza de Importacion,Póliza de Importación
2025-09-14T04:13+00:00,2364,Gobierno Autónomo Municipal de La Paz,INSCRIPCIÓN DE VEHICULO AUTOMOTOR TERRESTRE IMPORTACIÓN DIRECTA CON TRANSFERENCIA,modalidades[0]['publico'][0]['requisitos'][1]['nombre'],Póliza de Importacion,Póliza de Importación
2025-09-14T04:13+00:00,2365,Gobierno Autónomo Municipal de La Paz,INSCRIPCIÓN DE VEHÍCULO AUTOMOTOR TERRESTRE DIPLOMÁTICO CON TRANSFERENCIA POR VENTA,modalidades[0]['publico'][0]['requisitos'][2]['nombre'],Póliza de Importacion,Póliza de Importación
2025-09-14T04:13+00:00,2366,Gobierno Autónomo Municipal de La Paz,INSCRIPCIÓN DE VEHÍCULO AUTOMOTOR TERRESTRE DIPLOMÁTICO CON TRANSFERENCIA POR DONACIÓN,modalidades[0]['publico'][0]['requisitos'][1]['nombre'],Póliza de Importacion,Póliza de Importación
2025-09-14T04:13+00:00,2368,Gobierno Autónomo Municipal de La Paz,INSCRIPCIÓN DE VEHICULO AUTOMOTOR TERRESTRE CASA COMERCIAL MAQUINARIA PESADA,modalidades[0]['publico'][0]['requisitos'][1]['nombre'],Póliza de Importacion,Póliza de Importación
2025-09-14T04:13+00:00,2369,Gobierno Autónomo Municipal de La Paz,INSCRIPCIÓN DE VEHICULO AUTOMOTOR TERRESTRE POR IMPORTACIÓN DIRECTA MAQUINARIA PESADA,modalidades[0]['publico'][0]['requisitos'][0]['nombre'],Póliza de Importacion,Póliza de Importación
2025-09-14T04:13+00:00,2370,Gobierno Autónomo Municipal de La Paz,INSCRIPCIÓN DE VEHICULO AUTOMOTOR TERRESTRE  MAQUINARIA PESADA (POSEEDOR),modalidades[0]['publico'][0]['requisitos'][1]['nombre'],Póliza de Importacion,Póliza de Importación
2025-09-14T04:13+00:00,2374,Gobierno Autónomo Municipal de La Paz,CAMBIO DE RADICATORIA,modalidades[0]['publico'][0]['requisitos'][2]['nombre'],Declaracion Jurada,Declaración Jurada
2025-09-14T04:13+00:00,2377,Gobierno Autónomo Municipal de La Paz,CAMBIO DE RADICATORIA CON MODIFICACIÓN DE DATOS TÉCNICOS,modalidades[0]['publico'][0]['requisitos'][6]['nombre'],Declaracion Jurada,Declaración Jurada
2025-09-14T04:13+00:00,2388,Gobierno Autónomo Municipal de La Paz,REGISTRO DE RESCISIÓN O DESISTIMIENTO DEL IMPUESTO MUNICIPAL A LA TRANSFERENCIA ONEROSA DE VEHÍCULOS AUTOMOTORES TERRESTRES,modalidades[0]['publico'][0]['requisitos'][2]['nombre'],Boleta de pago,Boleta de Pago
2025-09-14T04:13+00:00,2391,Gobierno Autónomo Municipal de La Paz,Modificación de datos (Bienes Inmuebles),modalidades[0]['publico'][0]['requisitos'][3]['nombre'],Boleta de pago,Boleta de Pago
2025-09-14T04:13+00:00,2392,Gobierno Autónomo Municipal de La Paz,VERIFICACIONES TÉCNICAS (INMUEBLES),modalidades[0]['publico'][0]['requisitos'][5]['nombre'],Boleta de pago,Boleta de Pago
2025-09-14T04:13+00:00,2393,Gobierno Autónomo Municipal de La Paz,REGISTRO DE TRANSFERENCIAS ONEROSAS DE BIENES INMUEBLES,modalidades[0]['publico'][0]['requisitos'][8]['nombre'],Boleta de pago,Boleta de Pago
2025-09-14T04:13+00:00,2394,Gobierno Autónomo Municipal de La Paz,REGISTRO DE TRANSFERENCIAS ONEROSAS DE BIENES INMUEBLES POR ADJUDICACIÓN JUDICIAL,modalidades[0]['publico'][0]['requisitos'][3]['nombre'],Información rápida,Información Rápida
2025-09-14T04:13+00:00,2394,Gobierno Autónomo Municipal de La Paz,REGISTRO DE TRANSFERENCIAS ONEROSAS DE BIENES INMUEBLES POR ADJUDICACIÓN JUDICIAL,modalidades[0]['publico'][0]['requisitos'][7]['nombre'],Boleta de pago,Boleta de Pago
2025-09-14T04:13+00:00,2396,Gobierno Autónomo Municipal de La Paz,REGISTRO DE RESCISIÓN O DESISTIMIENTO DEL IMPUESTO MUNICIPAL A LA TRANSFERENCIA – IMPUESTO MUNICIPAL A LA TRANSFERENCIA ONEROSA,modalidades[0]['publico'][0]['requisitos'][3]['nombre'],Información rápida,Información Rápida
2025-09-14T04:13+00:00,2396,Gobierno Autónomo Municipal de La Paz,REGISTRO DE RESCISIÓN O DESISTIMIENTO DEL IMPUESTO MUNICIPAL A LA TRANSFERENCIA – IMPUESTO MUNICIPAL A LA TRANSFERENCIA ONEROSA,modalidades[0]['publico'][0]['requisitos'][4]['nombre'],pago de Impuestos,Pago de Impuestos
2025-09-14T04:13+00:00,2400,Gobierno Autónomo Municipal de La Paz,REGISTRO DE TRANSFERENCIAS QUE NO PERTENECEN A DOMINIO TRIBUTARIO MUNICIPAL  (TRANSFERENCIAS ESPECIALES),modalidades[0]['publico'][0]['requisitos'][8]['nombre'],pago de Impuestos,Pago de Impuestos
2025-09-14T04:13+00:00,2443,Gobierno Autónomo Municipal de La Paz,INSCRIPCIÓN VEHÍCULO AUTOMOTOR TERRESTRE POR IMPORTACIÓN DE CASA COMERCIAL CON TRANSFERENCIA,modalidades[0]['publico'][0]['requisitos'][1]['nombre'],Póliza de Importacion,Póliza de Importación
2025-09-14T04:13+00:00,2469,Gobierno Autónomo Municipal de San Pedro,TRAMITE DE INSCRIPCIÓN DE VEHÍCULOS,modalidades[0]['publico'][0]['requisitos'][3]['nombre'],Póliza de Importacion,Póliza de Importación
2025-09-14T04:13+00:00,2483,Gobierno Autónomo Municipal de La Paz,SOLICITUD DE LICENCIA DE FUNCIONAMIENTO PARA  VEHÍCULOS DE EXPENDIO DE ALIMENTOS PREPARADOS (FOOD TRUCKS),modalidades[0]['publico'][0]['requisitos'][4]['nombre'],Declaracion Jurada,Declaración Jurada
2025-09-14T04:13+00:00,2483,Gobierno Autónomo Municipal de La Paz,SOLICITUD DE LICENCIA DE FUNCIONAMIENTO PARA  VEHÍCULOS DE EXPENDIO DE ALIMENTOS PREPARADOS (FOOD TRUCKS),modalidades[0]['publico'][0]['requisitos'][6]['nombre'],Poliza de Seguro,Póliza de Seguro
2025-09-14T04:13+00:00,2495,Ministerio de Justicia y Transparencia Institucional,Registro Profesional Probono Miembro Red SAJ (Persona Natural),modalidades[0]['publico'][0]['requisitos'][1]['nombre'],Ciudadania Digital,Ciudadanía Digital
2025-09-14T04:13+00:00,2496,Ministerio de Justicia y Transparencia Institucional,Registro Entidad Miembro Red SAJ (Persona Jurídica),modalidades[0]['publico'][0]['requisitos'][2]['nombre'],Ciudadania Digital,Ciudadanía Digital
2025-09-14T04:13+00:00,2499,Ministerio de Justicia y Transparencia Institucional,"Autorización de Funcionamiento de Oficina Principal  Centros de Conciliación, Centros de Conciliación y Arbitraje y Centros de Arbitraje",modalidades[0]['publico'][0]['requisitos'][0]['nombre'],Ciudadania Digital,Ciudadanía Digital
2025-09-14T04:13+00:00,2502,Instituto Nacional de Salud Ocupacional,EVALUACIÓN Y CALIFICACIÓN DE GRADO DE  INVALIDEZ,modalidades[0]['publico'][0]['requisitos'][0]['nombre'],Otros estudios,Otros Estudios
2025-09-14T04:13+00:00,2513,Servicio Nacional De Patrimonio Del Estado,CERTIFICACIÓN DE BIENES DEJURBE DIGITAL,entidad['logo'],https://www.gob.bo/ws/api/archivos/e9ef2e39-ef14-4246-8f85-b9dc4486ef38.png,https://www.gob.bo/ws/api/archivos/57f403a9-c281-4474-acf3-61f1a5985db4.jpeg
2025-09-14T04:13+00:00,2513,Servicio Nacional De Patrimonio Del Estado,CERTIFICACIÓN DE BIENES DEJURBE DIGITAL,fechaActualización,01/09/2025,09/09/2025
2025-09-14T04:13+00:00,2514,Instituto Nacional de Salud Ocupacional,Registro de Plaguicidas de Uso Domestico,modalidades[0]['publico'][0]['requisitos'][1]['nombre'],Declaracion Jurada,Declaración Jurada
2025-09-14T04:13+00:00,2514,Instituto Nacional de Salud Ocupacional,Registro de Plaguicidas de Uso Domestico,modalidades[0]['publico'][0]['requisitos'][4]['nombre'],Información rápida,Información Rápida
2025-09-14T04:13+00:00,2616,Tribunal Supremo de Justicia,Notificación Electrónica del Órgano Judicial,modalidades[0]['publico'][0]['requisitos'][0]['nombre'],Ciudadania Digital,Ciudadanía Digital
